<?xml version="1.0" encoding="UTF-8" standalone="no"?>
<registration_data version="1.0">
   <environment>
      <hostname>monxp</hostname>
      <hostId/>
      <osName>Windows XP</osName>
      <osVersion>5.1</osVersion>
      <osArchitecture>x86</osArchitecture>
      <systemModel>Parallels Virtual Platform</systemModel>
      <systemManufacturer>Parallels Software International Inc.</systemManufacturer>
      <cpuManufacturer>GenuineIntel</cpuManufacturer>
      <serialNumber>Parallels-21 4B D6 CD 25 AF 41 E0 AA 79 6B 04 64 5E 8E 21</serialNumber>
   </environment>
   <registry urn="urn:st:ceba4cdc-2a63-4a74-9123-6ecbb8a0a884" version="1.0">
      <service_tag>
         <instance_urn>urn:st:a98fd1b7-e115-48e9-a68b-fa2f9e0792e7</instance_urn>
         <product_name>Java SE 6 Development Kit</product_name>
         <product_version>1.6.0_13</product_version>
         <product_urn>urn:uuid:b58ef9a8-5ae8-11db-a023-080020a9ed93</product_urn>
         <product_parent_urn>urn:uuid:fdc90b21-018d-4cab-b866-612c7c119ed3</product_parent_urn>
         <product_parent>Java Platform Standard Edition 6 (Java SE 6)</product_parent>
         <product_defined_inst_id>id=1.6.0_13-b03 x86,dir=C:\jdk-1.6.0_13\jre</product_defined_inst_id>
         <product_vendor>Sun Microsystems</product_vendor>
         <platform_arch>x86</platform_arch>
         <timestamp>2009-05-07 21:57:00 GMT</timestamp>
         <container>global</container>
         <source>Windows JDK i586 installer</source>
         <installer_uid>-1</installer_uid>
      </service_tag>
   </registry>
</registration_data>
